{"cameraMode":{"drawMode":0,"name":"Shaded","section":"Shading Mode"},"sceneLighting":true,"audioPlay":false,"sceneViewState":{"showFog":true,"showMaterialUpdate":false,"showSkybox":true,"showFlares":true,"showImageEffects":true,"showParticleSystems":true},"in2DMode":false,"pivot":{"x":37.1748046875,"y":7.24169921875,"z":-56.26171875},"rotation":{"x":0.0449393205344677,"y":-0.04493935406208038,"z":0.002023629378527403,"w":0.9979773163795471},"size":48.754600524902347,"orthographic":true}