{"cameraMode":{"drawMode":0,"name":"Shaded","section":"Shading Mode"},"sceneLighting":true,"audioPlay":false,"sceneViewState":{"showFog":true,"showMaterialUpdate":false,"showSkybox":true,"showFlares":true,"showImageEffects":true,"showParticleSystems":true},"in2DMode":false,"pivot":{"x":395.8171081542969,"y":-2326.34912109375,"z":3287.197998046875},"rotation":{"x":-0.3167537450790405,"y":-0.03243434429168701,"z":0.010838456451892853,"w":-0.947891116142273},"size":2381.3818359375,"orthographic":false}