{"cameraMode":{"drawMode":0,"name":"Shaded","section":"Shading Mode"},"sceneLighting":true,"audioPlay":false,"sceneViewState":{"showFog":true,"showMaterialUpdate":false,"showSkybox":true,"showFlares":true,"showImageEffects":true,"showParticleSystems":true},"in2DMode":false,"pivot":{"x":435.7078857421875,"y":650.96728515625,"z":2.234375},"rotation":{"x":0.005999938119202852,"y":-0.0029999418184161188,"z":0.000017999871488427743,"w":0.9999775886535645},"size":61.27401351928711,"orthographic":true}