{"cameraMode":{"drawMode":0,"name":"Shaded","section":"Shading Mode"},"sceneLighting":true,"audioPlay":false,"sceneViewState":{"showFog":true,"showMaterialUpdate":false,"showSkybox":true,"showFlares":true,"showImageEffects":true,"showParticleSystems":true},"in2DMode":false,"pivot":{"x":86.738525390625,"y":136.1484375,"z":52.6875},"rotation":{"x":0.007499897386878729,"y":-0.0029999110847711565,"z":0.000022499763872474432,"w":0.9999673962593079},"size":206.1084747314453,"orthographic":true}