{"cameraMode":{"drawMode":0,"name":"Shaded","section":"Shading Mode"},"sceneLighting":true,"audioPlay":false,"sceneViewState":{"showFog":true,"showMaterialUpdate":false,"showSkybox":true,"showFlares":true,"showImageEffects":true,"showParticleSystems":true},"in2DMode":false,"pivot":{"x":240.498291015625,"y":461.50732421875,"z":1.359375},"rotation":{"x":0.005999938119202852,"y":-0.0029999418184161188,"z":0.000017999871488427743,"w":0.9999775886535645},"size":128.83934020996095,"orthographic":true}