{"cameraMode":{"drawMode":0,"name":"Shaded","section":"Shading Mode"},"sceneLighting":true,"audioPlay":false,"sceneViewState":{"showFog":true,"showMaterialUpdate":false,"showSkybox":true,"showFlares":true,"showImageEffects":true,"showParticleSystems":true},"in2DMode":false,"pivot":{"x":127.170166015625,"y":177.84423828125,"z":8.0625},"rotation":{"x":0.007499897386878729,"y":-0.0029999110847711565,"z":0.000022499763872474432,"w":0.9999673962593079},"size":290.8659362792969,"orthographic":true}