{"cameraMode":{"drawMode":0,"name":"Shaded","section":"Shading Mode"},"sceneLighting":true,"audioPlay":false,"sceneViewState":{"showFog":true,"showMaterialUpdate":false,"showSkybox":true,"showFlares":true,"showImageEffects":true,"showParticleSystems":true},"in2DMode":false,"pivot":{"x":92.18212890625,"y":150.17578125,"z":20.40625},"rotation":{"x":0.007499897386878729,"y":-0.0029999110847711565,"z":0.000022499763872474432,"w":0.9999673962593079},"size":118.75291442871094,"orthographic":true}