{"cameraMode":{"drawMode":0,"name":"Shaded","section":"Shading Mode"},"sceneLighting":true,"audioPlay":false,"sceneViewState":{"showFog":true,"showMaterialUpdate":false,"showSkybox":true,"showFlares":true,"showImageEffects":true,"showParticleSystems":true},"in2DMode":false,"pivot":{"x":686.7713623046875,"y":210.75091552734376,"z":0.140289306640625},"rotation":{"x":-0.08271220326423645,"y":0.009562130086123944,"z":-0.000803505361545831,"w":-0.9965394139289856},"size":145.3125457763672,"orthographic":false}