{"cameraMode":{"drawMode":0,"name":"Shaded","section":"Shading Mode"},"sceneLighting":true,"audioPlay":false,"sceneViewState":{"showFog":true,"showMaterialUpdate":false,"showSkybox":true,"showFlares":true,"showImageEffects":true,"showParticleSystems":true},"in2DMode":false,"pivot":{"x":692.4248046875,"y":252.8137969970703,"z":2066.76513671875},"rotation":{"x":-0.009304898791015149,"y":-0.032396022230386737,"z":0.00030145456548780203,"w":-0.9994319081306458},"size":1498.9912109375,"orthographic":false}