{"cameraMode":{"drawMode":0,"name":"Shaded","section":"Shading Mode"},"sceneLighting":true,"audioPlay":false,"sceneViewState":{"showFog":true,"showMaterialUpdate":false,"showSkybox":true,"showFlares":true,"showImageEffects":true,"showParticleSystems":true},"in2DMode":false,"pivot":{"x":-3.4246673583984377,"y":1.44647216796875,"z":1.283203125},"rotation":{"x":-0.011999644339084626,"y":0.0030000300612300636,"z":0.000035934946936322376,"w":0.9999242424964905},"size":12.078726768493653,"orthographic":true}