{"cameraMode":{"drawMode":0,"name":"Shaded","section":"Shading Mode"},"sceneLighting":true,"audioPlay":false,"sceneViewState":{"showFog":true,"showMaterialUpdate":false,"showSkybox":true,"showFlares":true,"showImageEffects":true,"showParticleSystems":true,"showVisualEffectGraphs":true,"m_FxEnabled":true},"in2DMode":false,"pivot":{"x":0.38930535316467287,"y":0.42021486163139346,"z":0.9419500827789307},"rotation":{"x":-0.08685651421546936,"y":0.9001484513282776,"z":-0.21058306097984315,"w":-0.3712728023529053},"size":7.588393211364746,"orthographic":false}