{"cameraMode":{"drawMode":0,"name":"Shaded","section":"Shading Mode"},"sceneLighting":true,"audioPlay":false,"sceneViewState":{"showFog":true,"showMaterialUpdate":false,"showSkybox":true,"showFlares":true,"showImageEffects":true,"showParticleSystems":true},"in2DMode":false,"pivot":{"x":-0.323272705078125,"y":4.63427734375,"z":2.3203125},"rotation":{"x":0.05247502028942108,"y":0.005991389509290457,"z":-0.0003148069081362337,"w":0.9986051321029663},"size":36.07771682739258,"orthographic":true}